{
   "skeleton" : {
      "mainbody1": [0,0,8.5],
      "mainbody2": [0,-0.974749,9.40065],
      "slat1": [0,-6,2.5],
      "slat6": [0,-5.99302,9.26629],
      "slat7": [0,-4.4206,10.4948],
      "slat8": [0,-2.85286,11.7197],
      "slat9": [0,-1.29129,12.9397],
      "slat10": [0,0.276107,14.1643],
      "slat11": [0,1.84321,15.3886],
      "slat12": [0,3.39723,16.6028],
      "slat13": [0,5.23357,17.5],
      "slat14": [0,7.23432,17.5],
      "slat15": [0,8.5,16],
      "slat2": [0,-8,2.5],
      "slat3": [0,-8.5,4],
      "slat4": [0,-8.5,6],
      "slat5": [0,-7.56736,8.03628]
    },
   "animation_root" : "file(animations)",
   "effects_root" : "file(effects)",
   "postures" : "file(postures.json)",
   "collision_shape" : {
      "type" : "cylinder_collision_shape",
      "radius" : 5,
      "height" : 35
   }
}